id,pod_id,reservation_status,door_number,rto_otp,drop_otp,pickup_otp
PD-df785d1f640372a,1001553,RTOPending,10,221759
PD-210ec646dd80c9e,1001805,RTOPending,1,756768
PD-8dfcc712c6d65df,1001707,RTOPending,5,676944
PD-55aa81eee446471,1001647,RTOPending,4,796730
PD-aca63d2d20f8889,1001590,RTOPending,6,515271
PD-9309eacadcdb933,1001587,RTOPending,2,366082
PD-2a576fa8343ff2a,1001537,RTOPending,9,287933
PD-85a7e05e59f7321,1001575,RTOPending,5,362072
PD-a321e4607f9a37e,1001558,RTOPending,8,927043
PD-292aaadabe2a29e,1001558,RTOPending,10,566113
PD-ba8dd07eeb2b07a,1001522,RTOPending,7,143395
PD-95f28108947baad,1001558,RTOPending,7,757417
PD-42e7e6eb2f6802e,1001146,RTOPending,3,599709
PD-27bb542283d1737,1001537,RTOPending,4,974619
PD-487550cb79d81a9,1001537,RTOPending,3,170156
PD-41d692bc6ad8c4d,1001558,RTOPending,5,954477
PD-df0e0e931c734fe,1001707,RTOPending,2,753352
PD-f0b0cc5dd912649,1001707,RTOPending,1,113656
PD-9044518f6809e22,1001552,RTOPending,5,573474
PD-6c231f32431902d,1001552,RTOPending,6,793348
PD-4d6cdbfad7d30e5,1001554,RTOPending,4,980439
PD-6518bc08f955c50,1001292,RTOPending,1,393627
PD-df2aad0bfc14268,1001474,RTOPending,9,441440
PD-69079d1d0bd3b82,1001549,RTOPending,1,645602
PD-f2dcd98b58d29ee,1001554,RTOPending,3,592523
PD-8a9a12383f55a67,1001474,RTOPending,4,886588
PD-905c605d0625f66,1001552,RTOPending,8,354206
PD-3ba6c18a0091b66,1001552,RTOPending,9,247527
PD-f0111699b7afc7b,1001554,RTOPending,2,449270
PD-767d73cc80c23dc,1001552,RTOPending,1,478891
id,pod_id,reservation_status,door_number,drop_otp,pickup_otp
PD-1d3d93520cdd802,1001159,DropPending,5,642120,205633
PD-7d7f84d2ba52fe8,1001547,DropPending,10,988456,928515
PD-f987f7dc6b2373b,1001593,DropPending,1,963872,737267
PD-cde1667f8c3ecb2,1001572,DropPending,1,444574,260127
PD-46b46db7c95c0f5,1001159,DropPending,1,773318,841145
PD-dc5241051f63ced,1001552,DropPending,3,239590,885605
PD-c6734732489b2a0,1001552,DropPending,4,883904,271944
PD-ee656917d3fd044,1001444,DropPending,2,154683,673654
PD-3556d6729268a30,1001474,DropPending,3,136633,341551
PD-f8d7facd9965571,1001428,DropPending,9,958402,256685
PD-d5912b1e5dc328d,1001474,DropPending,7,299279,407230
PD-50062e9d0e0a38b,1001428,DropPending,6,690261,399716
PD-3e9482f45708e7a,1001596,DropPending,3,309774,878084
PD-0d3a123f8374588,1001574,DropPending,7,116573,525854
PD-3331d9c65946e74,1001590,DropPending,4,151976,349507
PD-8c26411d791dd23,1001707,DropPending,4,522261,962520
PD-92c1e85a93c85bd,1001705,DropPending,1,339311,562375
PD-66e33d4e20751d3,1001705,DropPending,6,963209,743204
PD-3c6faa46d0b3ab9,1001572,DropPending,7,126768,844018
PD-2c661d6ff3e2867,1001705,DropPending,5,924888,243725
PD-e9d737844e6b706,1001529,DropPending,1,887723,257636
PD-54e7d74441112c0,1001642,DropPending,6,254381,253548
PD-ac528cae6dda31f,1001642,DropPending,1,428169,968021
PD-326b436ba724b7b,1001642,DropPending,7,965251,758495
PD-4be5cbe7776e1d7,1001642,DropPending,5,635142,200251
PD-2269aadd9fa920c,1001642,DropPending,4,932257,410044
PD-568242f9e4cc814,1001642,DropPending,3,656021,585756
PD-9e9be8344f6d611,1001644,DropPending,4,709431,891841
PD-996156a5ab62f62,1001644,DropPending,2,324713,386927
PD-9c5458638e6b399,1001644,DropPending,7,313701,662216
PD-e2da0a4a3a05266,1001644,DropPending,6,920761,393130
PD-92543a65a376820,1001428,DropPending,1,179873,951504
PD-7cf1e986792302c,1001549,DropPending,9,796471,630236
PD-47fcfa38f13ad3e,1001561,DropPending,6,816279,230985
PD-e4f2d9a9edeb0a0,1001547,DropPending,4,445505,889927
PD-eb8e86661eb3184,1001705,DropPending,7,175632,422620
PD-d35e6f3412d454d,1001529,DropPending,3,196611,242180
PD-23870ce518dfc0c,1001650,DropPending,3,995997,807346
PD-2d2af1595cbd591,1001705,DropPending,4,841164,917328
PD-d5a97dffdd9dc27,1001637,DropPending,5,245123,469584
PD-cf9d1c4dccc1e23,1001705,DropPending,2,165165,219209
PD-37cbe97c8ceda6b,1001596,DropPending,6,656721,889871
PD-8f893da82fab130,1001596,DropPending,5,271382,635813
PD-fca582c07d02cb5,1002034,DropPending,3,985534,129400
PD-5453c7cb4ef2634,1001572,DropPending,4,641469,339841
PD-2d428d42e54e4c7,1001917,DropPending,7,123986,903872
PD-735deaf1986c637,1001647,DropPending,5,690398,460585
PD-8eef74f72ea6add,1001587,DropPending,1,899034,991305
PD-9d5a073fe2b4f5b,1001684,DropPending,7,681964,810914
PD-726f07b7d56c314,1001547,DropPending,2,353589,849240
PD-c3d8963ad670f04,1002044,DropPending,6,730394,230499
PD-82dc9b419c4d943,1001590,DropPending,1,119293,890510
PD-93a8a9335bd487e,1001561,DropPending,7,457762,763612
PD-78cea36f768f416,1001621,DropPending,3,883748,533426
PD-2c450f7c695fdea,1001621,DropPending,2,474473,804762
PD-6a85d42d4a76415,1001574,DropPending,2,322866,266355
PD-877debbf12782b3,1001647,DropPending,1,462461,855652
PD-906a99ab824ba62,1001647,DropPending,3,413939,210191
PD-52ac5d71043a40f,1001415,DropPending,2,858216,983002
PD-39c892938fe6440,1001415,DropPending,4,220060,634745
PD-8e70b0903bd4fe6,1001529,DropPending,2,450709,729464
PD-7516f6a1ccff03a,1001647,DropPending,7,598530,778690
PD-bd68e6a2b58b661,1001515,DropPending,4,207522,745461
PD-4eb8bdf61d01fd7,1001529,DropPending,5,351512,854093
PD-80909c137b23a48,1001684,DropPending,2,526338,839086
PD-e08bb5c2fa29003,1001596,DropPending,2,242124,417275
PD-bd99ef7e8ec5404,1001648,DropPending,4,282938,712086
PD-8f26b0544341bd1,1001574,DropPending,1,589026,188914
PD-26770834e941633,1001648,DropPending,7,401886,551065
PD-61c69b2076745bf,1001648,DropPending,6,452810,189835
PD-42e6a81125f10a0,1001648,DropPending,5,191016,380700
PD-97bde9a329f4ae0,1001529,DropPending,6,361069,512758
PD-e74289bbb8896a5,1001590,DropPending,2,194191,554530
PD-dc92e86251eb62c,1001522,DropPending,3,670707,206689
PD-f7210a2b597b6dd,1001558,DropPending,1,286526,188831
PD-52404aa73965c33,1001522,DropPending,2,612278,718906
PD-982cd71d6cf4601,1001522,DropPending,4,541722,258663
PD-b7bc78269fba625,1001537,DropPending,1,507087,130630
PD-ab085d9916c9b6c,1001428,DropPending,2,947303,384585
PD-3a8be67f1be3ea3,1001590,DropPending,5,438447,660015
PD-5c82d9f91ee5af7,1001584,DropPending,6,180426,889735
PD-d80470ce29268f0,1001584,DropPending,7,731337,640200
PD-4c97d0c296c542d,1001679,DropPending,2,684391,892810
PD-1be607de8d17db9,1001530,DropPending,4,328470,595145
PD-e5d834e8f5f244b,1001912,DropPending,4,842028,973161
PD-34fd7ac237a6449,1001537,DropPending,6,342445,440006
PD-09016caefd0d4b3,1001537,DropPending,5,123144,131784
PD-eee9be697f441dc,1001617,DropPending,3,642456,986806
PD-c2dc91da177a9c6,1001516,DropPending,6,972033,224483
PD-eb78b192a801ba2,1001516,DropPending,5,358387,568075
PD-3a202fb0f11d804,1001539,DropPending,9,340900,972043
PD-7f242b9ce76421e,1001588,DropPending,6,421616,942519
PD-32d24925e3957e7,1001588,DropPending,2,104523,281020
PD-15ead7c8a270877,1000001,DropPending,1,737881,882605
PD-91588715b467cac,1001637,DropPending,4,248215,446293
PD-ed1f916c88274ae,1001522,DropPending,6,687219,579515
PD-fdbeff9f7c27016,1001644,DropPending,1,730524,404327
PD-d770473752722ea,1001648,DropPending,1,475219,959078
PD-3a2163b26465a38,1001599,DropPending,2,453097,659635
PD-d6adf1b8f9b4a18,1001528,DropPending,1,294207,811834
PD-82529fb07c8a4dc,1001146,DropPending,4,838927,686771
PD-487b5acc5d221da,1001588,DropPending,5,994281,399989
PD-4fd919772007f00,1001558,DropPending,4,175750,338241
PD-eee7c18a866a6d2,1001537,DropPending,2,547451,201245
PD-98238cdb2361c41,1001558,DropPending,3,977764,900517
PD-81b71d1effa2c1a,1001539,DropPending,5,945552,845732
PD-630a0a6bb6a11f7,1001558,DropPending,2,918580,877865
PD-6765242643f1529,1001549,DropPending,6,847738,261425
PD-e7fc4eb8decada6,1001549,DropPending,7,196063,258843
PD-de702e194956362,1001549,DropPending,3,431063,951845
PD-51be92c38ea1298,1001549,DropPending,2,861056,567950
PD-f6edadec7611a77,1001549,DropPending,10,314344,532008
PD-24592b1c213d0a8,1001292,DropPending,6,696820,948984
PD-83fe6c9c5dbc843,1000001,DropPending,3,293953,210914
PD-2df3311c26f7b53,1001648,DropPending,3,135740,834373
PD-47686e5073d3691,1001648,DropPending,2,329918,678873
PD-a65b17cd14d32b1,1001588,DropPending,4,161978,169993
PD-49f6660ea9cebc4,1001588,DropPending,3,598598,901489
PD-76f3a50bae9ffc8,1001617,DropPending,1,959782,597773
PD-776363784fcbc13,1001549,DropPending,8,945350,216471
PD-9662e620810b177,1001539,DropPending,1,883876,577486
PD-8ca2d1b28679733,1001484,DropPending,10,535091,383756
PD-4b91c06bd67d277,1001484,DropPending,9,231741,586423
PD-a4bfea5c7381f6e,1001428,DropPending,5,341828,707112
PD-f1c1c386cf7db72,1001484,DropPending,6,124608,703021
PD-26126caf0ce6792,1001484,DropPending,1,189852,798828
PD-e348d40132ee2bf,1001474,DropPending,10,644608,312444
PD-84645ffac185c10,1001554,DropPending,1,410251,707888
PD-18267a2b0b6ac23,1001146,DropPending,2,822580,957894
PD-3d25ede8d5b1b03,1001146,DropPending,1,852394,152829
PD-69963cc848eb7c0,1001549,DropPending,5,377746,147309
PD-09c0e949d95e220,1001428,DropPending,3,669608,161378
PD-21435b4d20a1ade,1001714,DropPending,3,963508,113806
PD-fe691db1dc08979,1001577,DropPending,5,820921,697258
PD-73597598e6b34b8,1001605,DropPending,4,514416,644405
PD-abf67a93926993b,1000002,DropPending,2,778492,588362
PD-6799050faa18a99,1001577,DropPending,1,224518,126251
PD-f0d5453da797879,1001605,DropPending,1,163804,630036
PD-2bed48613cb20c0,1001474,DropPending,8,861810,598566
PD-5cbca85765767bc,1001553,DropPending,7,369029,597848
PD-f736e42c9ee56c3,1001474,DropPending,5,529125,467565
PD-32de07d1e528d45,1001553,DropPending,1,579111,424468
PD-0789a355cb005fb,1001553,DropPending,8,355046,575011
PD-5f647d046ca1eae,1001553,DropPending,6,648859,335303
PD-6e60659f93b875b,1001553,DropPending,5,231675,266943
PD-535aaf9d9e26ae5,1001553,DropPending,3,244799,422143
PD-1519db03331aa99,1001553,DropPending,9,504819,553082
PD-f2b778c411c4205,1001553,DropPending,4,196906,166190
PD-088ed4b682e7caf,1001637,DropPending,2,551311,767454
id,pod_id,reservation_status,door_number,drop_otp,pickup_otp
PD-4cdbc86b05bd1d0,1001149,PickupPending,6, ,732237
PD-1b2cdeea178327a,1001668,PickupPending,1, ,533678
PD-8d42dd4aabcf328,1001684,PickupPending,4, ,677578
PD-8dd91bfd80fce26,1001684,PickupPending,1, ,368583
PD-a722622d721ece6,1001684,PickupPending,5, ,205040
PD-0a6c3982cf5b25c,1001684,PickupPending,6, ,981892
PD-a7bbcb0d704c3ed,1001529,PickupPending,4, ,195286
PD-f92ba97d64f439d,1001517,PickupPending,7, ,522483
PD-b94ae1fe34d42b3,1001903,PickupPending,1, ,862526
PD-28243d27fdc6685,1001572,PickupPending,3, ,530508
PD-fa859cbf77396b0,1001444,PickupPending,1, ,496992
PD-4df410a85eb7495,1001703,PickupPending,2, ,614377
PD-fccb8974a02eca7,1001703,PickupPending,3, ,870885
PD-660a8cabb93daf3,1001703,PickupPending,4, ,682555
PD-9ea5144cb23c8db,1001703,PickupPending,6, ,439702
PD-39db30ca6967879,1001647,PickupPending,6, ,585240
PD-f0e393e432b040a,1001644,PickupPending,3, ,515235
PD-a858fe848af86be,1001596,PickupPending,7, ,880762
PD-b5da91f376ffd8a,1001705,PickupPending,3, ,592981
PD-c33e1f6df5917cd,1001517,PickupPending,3, ,664840
PD-5281d8781d53859,1001547,PickupPending,6, ,926329
PD-a7dc337edf102c0,1002044,PickupPending,4, ,928303
PD-7011b1570688fa7,1002034,PickupPending,4, ,280845
PD-a30747cc97b582b,1002044,PickupPending,2, ,622751
PD-0a5b08bbd09d83f,1001561,PickupPending,9, ,217441
PD-bdce685444f1e6d,1001573,PickupPending,6, ,489554
PD-5547fa1899d9d53,1001714,PickupPending,4, ,366631
PD-88ba2fed0a41198,1001714,PickupPending,2, ,661876
PD-d332feeea8fcc50,1001646,PickupPending,2, ,734448
PD-b33118ab273504a,1001630,PickupPending,7, ,856416
PD-bddce57902ca8fa,1001684,PickupPending,3, ,781098
PD-31ced092524b934,1001575,PickupPending,4, ,892712
PD-6d07df38b0ecba4,1001595,PickupPending,2, ,757846
PD-f26ae582aae8c46,1001714,PickupPending,7, ,899840
PD-2b809e106594d01,1001646,PickupPending,4, ,947887
PD-461ea8e6a73dabe,1001595,PickupPending,6, ,959043
PD-6aa16ba32b258a2,1001595,PickupPending,3, ,936502
PD-a569fc918c2682b,1001714,PickupPending,1, ,914228
PD-d3a3f660a04d1e4,1001910,PickupPending,2, ,579254
PD-d2511b5101c205f,1001575,PickupPending,3, ,179230
PD-2dd7d7f311c2aa2,1001714,PickupPending,6, ,841023
PD-fd4b059b68b365c,1001263,PickupPending,6, ,217629
PD-bb0e45dfd143dc4,1001263,PickupPending,3, ,782067
PD-22af21ec6c65f5a,1001645,PickupPending,3, ,726201
PD-179af8d09bf908c,1001645,PickupPending,2, ,702610
PD-8df8e911ce85356,1001561,PickupPending,2, ,720281
PD-6ad2073a824850c,1001561,PickupPending,10, ,707182
PD-2f91b46a8d46738,1001547,PickupPending,8, ,582634
PD-edcf187dc7f8487,1001547,PickupPending,1, ,239689
PD-138cc97688e8944,1001198,PickupPending,2, ,319341
PD-377293e941594a2,1001263,PickupPending,5, ,879194
PD-0c5a80186482945,1001646,PickupPending,1, ,861002
PD-61987d2abe7b263,1001646,PickupPending,7, ,664212
PD-8cb24e5b5ade884,1001572,PickupPending,5, ,891843
PD-45bc0fd64861500,1001595,PickupPending,1, ,902878
PD-9808b7dda0c9559,1002034,PickupPending,5, ,383366
PD-cb49359fa13e485,1001587,PickupPending,5, ,682882
PD-5d088e9ba851be2,1001561,PickupPending,1, ,497500
PD-3abb00541ff62e6,1001561,PickupPending,3, ,570028
PD-3b7a98d1546169b,1001415,PickupPending,3, ,719871
PD-493d75e0a251a6e,1001630,PickupPending,5, ,185164
PD-9113e9553243e1e,1001561,PickupPending,8, ,256065
PD-798fcbd62cc286e,1001714,PickupPending,5, ,163825
PD-22c0bb72ebad543,1001595,PickupPending,7, ,237911
PD-e69f35b7835b9e6,1001646,PickupPending,6, ,321586
PD-60bd21f90d990e4,1001198,PickupPending,3, ,498159
PD-43e08a58ab09172,1001575,PickupPending,6, ,286599
PD-f2385f765dccdc1,1001572,PickupPending,6, ,953429
PD-06ead39b193f3c4,1001587,PickupPending,6, ,322222
PD-23b222ffcff756d,1001149,PickupPending,5, ,578343
PD-c05b6a5ccacefc9,1001646,PickupPending,5, ,763330
PD-60dfd96ace50087,1001415,PickupPending,6, ,333778
PD-c028b1cc6ea4e45,1001415,PickupPending,1, ,478302
PD-3ebc4adf8b824f8,1001165,PickupPending,5, ,208069
PD-24487158aad86df,1001630,PickupPending,4, ,795893
PD-20ca7c0ad5f863d,1001645,PickupPending,6, ,131954
PD-1d4a873135b3218,1001561,PickupPending,5, ,750240
PD-6859e3d1df78fa4,1001547,PickupPending,9, ,681238
PD-5508edda5cc4afb,1001547,PickupPending,7, ,210435
PD-f0feae9e9afd667,1001547,PickupPending,5, ,308785
PD-3a90528a8457e31,1001547,PickupPending,3, ,814121
PD-171fe8713ec3d73,1001647,PickupPending,2, ,881627
PD-b7a38434e2e476a,1001587,PickupPending,3, ,646179
PD-69a1279cf34e7de,1002044,PickupPending,1, ,909205
PD-8d908a1d1b1be28,1001263,PickupPending,1, ,640921
PD-f2ba5c8f104ed72,1001608,PickupPending,4, ,459141
PD-7b266e0c5783fba,1001608,PickupPending,6, ,317786
PD-c55207a25a0bf2e,1001590,PickupPending,7, ,955930
PD-ce9f339b51fe9f1,1002034,PickupPending,6, ,390778
PD-207367d41fd6537,1001595,PickupPending,4, ,824454
PD-eb8777b6b7918a2,1001587,PickupPending,7, ,588281
PD-3118cc2ed282f6f,1001159,PickupPending,6, ,244247
PD-8a1537bb0612219,1001630,PickupPending,3, ,270756
PD-9d1d4759278755c,1001537,PickupPending,10, ,829306
PD-a1471628a7ca9e1,1001517,PickupPending,2, ,708408
PD-37435fc80510c3f,1001912,PickupPending,1, ,998109
PD-75c3ac7cb5e15e1,1001586,PickupPending,3, ,544642
PD-8d546a94da670fc,1001537,PickupPending,7, ,224131
PD-71dcdc3db7a4a92,1001584,PickupPending,4, ,973530
PD-27489ece683be80,1001530,PickupPending,3, ,671384
PD-586dc7b82497e64,1001537,PickupPending,8, ,280737
PD-72e9f2924c7a393,1001679,PickupPending,1, ,919884
PD-c9d401cc2ce04e9,1001679,PickupPending,6, ,740287
PD-e2fcdc511c7fc57,1001558,PickupPending,9, ,348119
PD-197f6f7c5896500,1001293,PickupPending,6, ,278764
PD-9ee9e797abe3a78,1001293,PickupPending,2, ,873795
PD-84151132b2e9c65,1001911,PickupPending,3, ,528111
PD-6113ac84f310a5e,1001558,PickupPending,6, ,282364
PD-2f52feb86ee4fa3,1001716,PickupPending,3, ,128472
PD-a5e06a4101f9b30,1001159,PickupPending,4, ,419925
PD-5d210374c095758,1001146,PickupPending,6, ,787449
PD-3f82cdde3a6c176,1001146,PickupPending,5, ,637808
PD-cff850499219375,1001539,PickupPending,6, ,536645
PD-337121bebd06455,1001539,PickupPending,4, ,401837
PD-c9edd9a9561da22,1001539,PickupPending,3, ,203902
PD-254451c8f2d4fae,1001516,PickupPending,1, ,913434
PD-ace41f14bc2e1ae,1001549,PickupPending,4, ,946921
PD-eb47c4dcc1f5ed6,1001553,PickupPending,2, ,414518
